PracNo,PracticeName,Address1,Address2,Address3,Postcode,LCG,Registered Patients
1,DR. D IRWIN,HOLYWOOD ARCHES HEALTH CENTRE,WESTMINSTER AVENUE,BELFAST,BT4 1NS,Belfast,1351
3,DR A MCCUTCHEON AND PARTNERS,HOLYWOOD ARCHES HEALTH CENTRE,WESTMINSTER AVE,BELFAST,BT4 1NS,Belfast,7095
5,DR E M CHRISTIE AND PARTNER,CASTLE MEDICAL CENTRE,35-45 CASTLEREAGH ROAD,BELFAST,BT5 5FB,Belfast,1532
6,Dr Browne & Partners,CARRYDUFF SURGERY,HILLSBOROUGH ROAD,CARRYDUFF  BELFAST,BT8 8HR,Belfast,10745
10,Dr Wilson,TEMPLEMORE MEDICAL CENTRE,225 ALBERTBRIDGE ROAD,BELFAST,BT5 4PX,Belfast,2596
13,Drs Darragh & Coogan,TEMPLEMORE MEDICAL CENTRE,225 ALBERTBRIDGE ROAD,BELFAST,BT5 4PX,Belfast,3388
14,Dr Coulter & Partners,KERRSLAND SURGERY,169 UPPER NEWTOWNARDS ROAD,BELFAST,BT4 3HZ,Belfast,7681
15,Dr Gardner & Partners,54 HOLYWOOD ROAD,BELFAST,NULL,BT4 1NT,Belfast,5470
16,Dr Dunlop Halliday & Ross,KNOCK MEDICAL CENTRE,423B UPPER NEWTOWNARDS ROAD,BELFAST,BT4 3LH,Belfast,5401
17,Dr Mercer & Partners,HOLYWOOD ARCHES HEALTH CENTRE,WESTMINSTER AVENUE,BELFAST,BT4 1NS,Belfast,5400
18,Dr Hunter & Partners,"BRYSON STREET SURGERY, CITY EAST",68-72  NEWTOWNARDS ROAD,BELFAST,BT4 1GW,Belfast,6715
19,Drs Burke & Holmes,LINEN COURT SURGERY,336 BEERSBRIDGE ROAD,BELFAST,BT5 5DY,Belfast,3565
20,Drs Kyle & Courtney,HOLYWOOD ARCHES HEALTH CENTRE,WESTMINSTER AVENUE,BELFAST,BT4 1NS,Belfast,2994
23,Dr Bell & Partners,HARLAND MEDICAL PRACTICE,WESTMINSTER AVENUE,BELFAST,BT4 1NS,Belfast,5219
24,Dr H McKee,THE MOUNT PRACTICE,50 CASTLEREAGH STREET,BELFAST,BT5 4NH,Belfast,3019
28,Drs Gilmer & Craig,HOLYWOOD ARCHES HEALTH CENTRE,WESTMINSTER AVENUE,BELFAST,BT4 1NS,Belfast,3395
29,Drs Savage & McKinstry,CASTLEREAGH MEDICAL CENTRE,21 BALLYGOWAN  ROAD,BELFAST,BT5 7LH,Belfast,4961
30,Drs Baird & Stevens,EASTSIDE SURGERY,56 TEMPLEMORE AVENUE,BELFAST,BT5 4FT,Belfast,2920
31,Dr Callaghan & Partners,DUNDONALD MEDICAL CENTRE,16 CHURCH ROAD,"DUNDONALD, BELFAST",BT16 2LN,Belfast,7035
32,Dr McIlmoyle & Partners,WILLOWFIELD SURGERY,50/52 CASTLEREAGH ROAD,BELFAST,BT5 5FP,Belfast,3838
33,DR. RL MILLER AND PARTNERS,222 WOODSTOCK ROAD,BELFAST,NULL,BT6 9DL,Belfast,4512
36,Dr McComb,HOLYWOOD ARCHES HEALTH CENTRE,WESTMINSTER AVENUE,BELFAST,BT4 1NS,Belfast,1908
37,NULL,CHERRYVALLEY HEALTH CENTRE,KINGS SQUARE,BELFAST,BT5 7BP,Belfast,6714
38,Dr Morrison,CHERRYVALLEY HEALTH CENTRE,KINGS SQUARE,BELFAST,BT5 7BP,Belfast,1992
51,NULL,CORNERSTONE MEDICAL CENTRE,69 SHANKILL ROAD,BELFAST,BT13 1FD,Belfast,2450
52,Dr Rea & Partners,16 MCCANDLESS STREET,CRUMLIN ROAD,BELFAST,BT13 1RU,Belfast,2834
53,Dr B J Colgan,463 FALLS ROAD,BELFAST,NULL,BT12 6DD,Belfast,3058
55,Dr D O'Kane,THE HEALTH CENTRE,94-100 CRUMLIN ROAD,BELFAST,BT14 6AR,Belfast,1234
57,DR. JE CAMPBELL AND PARTNERS,THE CARRICKHILL MEDICAL CENTRE,1 CARRICK HILL,BELFAST,BT1 2JR,Belfast,4799
58,DR B J FARNAN & PARTNERS,THE GROUP SURGERY,257 NORTH QUEEN STREET,BELFAST,BT15 1HS,Belfast,5818
60,DR. GE BURNS AND PARTNER,165 DUNCAIRN GARDENS,BELFAST,CO ANTRIM,BT15 2GE,Belfast,2735
61,Dr Crossin & Partners,THE CARRICK HILL MEDICAL CENTRE,1 CARRICK HILL,BELFAST,BT1 2JR,Belfast,9874
62,NULL,GARDINER FAMILY PRACTICE,CRUMLIN ROAD HEALTH CENTRE,"100 CRUMLIN ROAD, BELFAST",BT14 6AR,Belfast,1300
63,Drs McMullan & O'Donnell,WILLOW MEDICAL PRACTICE,155 ANDERSONSTOWN ROAD,BELFAST,BT11 9EA,Belfast,2888
64,Drs Donaghy & Murphy,DUNVILLE HEALTH CENTRE,309 GROSVENOR ROAD,BELFAST,BT12 4LP,Belfast,4245
66,NULL,"GROVE WELLBEING CENTRE, PARKSIDE SURGERY",120 YORK ROAD,BELFAST,BT15 3HF,Belfast,6976
68,Dr Crawford & Partners,136/138 SHANKILL ROAD,BELFAST,NULL,BT13 2BD,Belfast,2616
69,Drs Tan & McGirr (1),FLAX CENTRE,ARDOYNE AVENUE,BELFAST,BT14 7DA,Belfast,3119
70,Dr Rainey & Partners,BALLYSILLAN GROUP PRACTICE,156-158 BALLYSILLAN ROAD,BELFAST,BT14 7QR,Belfast,5502
71,NULL,463 SPRINGFIELD ROAD,BELFAST,NULL,BT12 7DP,Belfast,6308
72,Dr R H McKee,MOUNTAINVIEW SURGERY,585 CRUMLIN ROAD,BELFAST,BT14 7GB,Belfast,1860
73,NULL,CRUMLIN ROAD FAMILY PRACTICE,CRUMLIN ROAD HEALTH CENTRE,"94-100 CRUMLIN ROAD, BELFAST",BT14 6AR,Belfast,2329
74,Drs Ryan & Simpson,DR SIMPSON & DR BEATTIE,NORTHGATE FAMILY PRACTICE,"36 DUNCAIRN GARDENS, BELFAST",BT15 2GH,Belfast,2860
75,Dr Lenfestey & Partners,GROSVENOR ROAD SURGERY,216 GROSVENOR ROAD,BELFAST,BT12 5LT,Belfast,10237
79,Dr Bready & Partners,70 SPRINGFIELD ROAD,BELFAST,CO ANTRIM,BT12 7AH,Belfast,9052
80,DR. KB SWAIN AND PARTNERS,460 OLDPARK ROAD,BELFAST,NULL,BT14 6QG,Belfast,4598
81,Dr Giles & Partners,46 SPRINGFIELD ROAD,BELFAST,NULL,BT12 7AH,Belfast,7842
83,NULL,"GROVE WELLBEING CENTRE, GROVE MEDICAL PRACTICE",120 YORK ROAD,BELFAST,BT15 3HF,Belfast,6315
84,Drs Salters & Diamond,186 FALLS ROAD,BELFAST,NULL,BT12 6AG,Belfast,3695
85,Dr MacSorley & Partners,515 ANTRIM ROAD,BELFAST,NULL,BT15 3BS,Belfast,5488
86,Dr Brown & Partners,SALISBURY MEDICAL CENTRE,474 ANTRIM ROAD,BELFAST,BT15 5GF,Belfast,10517
92,NULL,BALLYOWEN HEALTH CENTRE,179 ANDERSONSTOWN ROAD,BELFAST,BT11 9EA,Belfast,5013
93,Dr Sharma & Partners,61 CLIFTONVILLE ROAD,BELFAST,NULL,BT14 6JN,Belfast,5936
94,Dr Cummings & Partners,115 FALLS ROAD,BELFAST,NULL,BT12 6AA,Belfast,7037
95,Dr S J McHugh,BALLYOWEN HEALTH CENTRE,179 ANDERSONSTOWN ROAD,BELFAST,BT11 9EA,Belfast,2654
96,NULL,MALVERN FAMILY PRACTICE,69 SHANKILL ROAD,BELFAST,BT13 1FD,Belfast,5609
98,Drs Wilson & McClure,THE LIGONIEL HEALTH CENTRE,74A LIGONIEL ROAD,BELFAST,BT14 8BY,Belfast,3787
101,Drs Toal & Watters,132-136 SANDY ROW,BELFAST,CO ANTRIM,BT12 5EY,Belfast,4806
103,Dr Donnelly & Partners,15/17 CLIFTON STREET,BELFAST,NULL,BT13 1AD,Belfast,9009
104,NULL,17 BALLYGOMARTIN ROAD,BELFAST,NULL,BT13 3BW,Belfast,7960
105,Dr Collins & Partners,OLD CHURCH PRACTICE,"2ND FLOOR, CORNERSTONE MEDICAL CENTRE","69 SHANKILL ROAD, BELFAST",BT13 1FD,Belfast,2531
111,NULL,2 THAMES STREET,BELFAST,CO ANTRIM,BT12 6AP,Belfast,2697
113,Dr Dugan,173 ANDERSONSTOWN ROAD,BELFAST,NULL,BT11 9EA,Belfast,4513
114,NULL,33 STEWARTSTOWN ROAD,BELFAST,NULL,BT11 9FZ,Belfast,6866
116,Dr Mulholland & Partners,CROCUS STREET SURGERY,1 CROCUS STREET,BELFAST,BT12 7AP,Belfast,4570
132,DR. S HOLMES AND PARTNERS,THE KELLY PRACTICE,1 DUNLUCE AVENUE,BELFAST,BT9 7HR,Belfast,4025
136,NULL,MOUNT ORIEL MEDICAL PRACTICE,KNOCKBREDA WTC,"110 SAINTFIELD ROAD, BELFAST",BT8 6GR,Belfast,6203
140,DR. R RODRIGUES AND PARTNERS,THE HEALTH CENTRE,1 DUNLUCE AVENUE,BELFAST,BT9 7HR,Belfast,8380
143,Dr Rowan & Partners,THE ROWAN TREE FAMILY PRACTICE,1 DUNLUCE AVENUE,BELFAST,BT9 7HR,Belfast,5711
144,Dr A T Dawson,RAVENBANK SURGERY,113 RAVENHILL ROAD,BELFAST,BT6 8DR,Belfast,1544
145,NULL,15A DONEGALL ROAD,BELFAST,NULL,BT12 5JJ,Belfast,7775
146,Drs Boyd & Hamilton,BALMORAL SURGERY,436 LISBURN ROAD,BELFAST,BT9 6GR,Belfast,4053
147,Dr Dean & Partners,281 ORMEAU ROAD,BELFAST,NULL,BT7 3GG,Belfast,7700
148,Drs Rutherford & McFarland,SOUTH EAST FAMILY PRACTICE,370/372 CREGAGH ROAD,BELFAST,BT6 9EY,Belfast,9107
151,Dr Irwin & Partners,THE HEALTH CENTRE,13/25 FINAGHY ROAD SOUTH,BELFAST,BT10 0BX,Belfast,13626
153,Dr McDonnell & Partners,ORMEAU ROAD HEALTH CENTRE,120 ORMEAU ROAD,BELFAST,BT7 2EB,Belfast,9432
154,Drs McCauley & Toland,142 - 144 UNIVERSITY STREET,BELFAST,NULL,BT7 1HH,Belfast,4900
156,Dr Chakravarty & Partners,BALLYOWEN HEALTH CENTRE,179 ANDERSONSTOWN ROAD,BELFAST,BT11 9EA,Belfast,7381
157,NULL,UNIVERSITY HEALTH CENTRE AT QUEENS,ELMWOOD MANSE,"7 UNIVERSITY TERRACE, BELFAST",BT7 1NP,Belfast,10205
159,Dr Corkey & Partners,485 ORMEAU ROAD,BELFAST,NULL,BT7 3GR,Belfast,5961
162,Drs Collier & Thompson,10/12 LISBURN ROAD,BELFAST,CO ANTRIM,BT9 6AA,Belfast,2530
164,Dr E Murdock,CREGAGH SURGERY,36 MONTGOMERY ROAD,BELFAST,BT6 9HL,Belfast,3271
165,Dr Cashell & Partners,6 NORTH PARADE,BELFAST,NULL,BT7 2GG,Belfast,8270
166,Dr E Cullen,BOTANIC MEDICAL CENTRE,51 BOTANIC AVENUE,BELFAST,BT7 1JL,Belfast,2581
191,DR R T S HARRISON  PARTNERS,THE MONTALTO MEDICAL CENTRE,2 DROMORE ROAD,BALLYNAHINCH,BT24 8AY,South Eastern,9852
192,Dr J McGill,KILLYLEAGH SURGERY,14 DOWNPATRICK ROAD,"KILLYLEAGH, DOWNPATRICK",BT30 9RG,South Eastern,4784
193,Dr Greer & Partners,14 CHURCH VIEW,DUNDRUM,NEWCASTLE,BT33 0NA,South Eastern,9090
194,Drs Hyland & Denvir,THE SURGERY,CAUSEWAY PLACE,NEWCASTLE,BT33 0DN,South Eastern,2004
195,Dr J M Kyle,THE SURGERY,CAUSEWAY PLACE,NEWCASTLE,BT33 0DN,South Eastern,1744
196,DR. M MURPHY,THE HEALTH CENTRE,DOWNPATRICK ROAD,ARDGLASS,BT30 7SF,South Eastern,3142
198,Dr Ross & Partners,THE HEALTH CENTRE,FAIRVIEW,"SAINTFIELD, BALLYNAHINCH",BT24 7AD,South Eastern,8607
201,Dr Bready & Partners,DONARD FAMILY PRACTICE,56 MAIN STREET,"NEWCASTLE, CO DOWN",BT33 0AE,South Eastern,11704
202,Drs Moore & Small,GP & PRIMARY CARE CENTRE,"FIRST FLOOR, DOWN HOSPITAL","STRUELL WELLS ROAD, DOWNPATRICK",BT30 6RL,South Eastern,3755
204,Drs Mulhall & Deeny,THE SURGERY,12 THE GREEN,"IRISH STREET, DOWNPATRICK",BT30 6BE,South Eastern,4771
205,Dr Phillips & Partners,THE SURGERY,JAMES STREET,"CROSSGAR, DOWNPATRICK",BT30 9JU,South Eastern,4811
206,Drs Hannah & McGoldrick,GP & PRIMARY CARE CENTRE,"FIRST FLOOR, DOWN HOSPITAL","STRUELL WELLS ROAD, DOWNPATRICK",BT30 6RL,South Eastern,4743
207,Drs Harney & Harney,STREAM STREET SURGERY,40 STREAM STREET,DOWNPATRICK,BT30 6DE,South Eastern,4880
221,DR. A SMYLIE AND PARTNERS,HEALTH CENTRE,BALLYNAHINCH ST,HILLSBOROUGH,BT26 6AW,South Eastern,9465
222,Dr Bradley & Partners,WOODBROOK MEDICAL PRACTICE,STEWARTSTOWN ROAD,DUNMURRY  BELFAST,BT17 0FB,South Eastern,8655
223,Drs Walmsley & Carson,THE HEALTH CENTRE,LINENHALL STREET,LISBURN,BT28 1LU,South Eastern,3744
224,Dr Cowan & Partners,THE HEALTH CENTRE,LINENHALL STREET,LISBURN,BT28 1LU,South Eastern,6996
226,Dr Hicks & Partners,THE SURGERY,BEGNEY HILL ROAD,DROMARA,BT25 2AT,South Eastern,8027
227,Dr Jefferson & Partners,THE HEALTH CENTRE,LINENHALL STREET,LISBURN,BT28 1LU,South Eastern,11612
228,Drs Forde & Doherty,THE HEALTH CENTRE,LINENHALL STREET,LISBURN,BT28 1LU,South Eastern,4232
229,Dr Greene & Partners,THE HEALTH CENTRE,LINENHALL STREET,LISBURN,BT28 1LU,South Eastern,8744
230,DR. JS HENRY AND PARTNERS,THE HEALTH CENTRE,LINENHALL STREET,LISBURN,BT28 1LU,South Eastern,5192
231,DR. G M WILSON & PARTNERS,THE HEALTH CENTRE,LINENHALL STREET,LISBURN,BT28 1LU,South Eastern,9777
232,Dr Dick & Partners,192 KINGSWAY,DUNMURRY,BELFAST,BT17 9AL,South Eastern,7753
233,DR. OT GALLAGHER AND PARTNER,GLENAVY FAMILY PRACTICE,47 MAIN STREET,"GLENAVY, CRUMLIN",BT29 4LN,South Eastern,4650
234,Drs Patterson & Vaughan,THE HEALTH CENTRE,LINENHALL STREET,LISBURN,BT28 1LU,South Eastern,1862
252,Dr Lavery & Partners,PRIORY SURGERY,26 HIGH STREET,HOLYWOOD,BT18 9AD,South Eastern,14651
253,DR. WJS BAIRD AND PARTNERS,THE HEALTH CENTRE,NEWTOWNARDS ROAD,BANGOR,BT20 4LD,South Eastern,7728
254,Dr Donaldson & Partners,24 LISBARNETT ROAD,LISBANE,NEWTOWNARDS,BT23 6AW,South Eastern,4028
255,Dr H C Johnston & Partners,THE HEALTH CENTRE,NEWTOWNARDS ROAD,BANGOR,BT20 4LD,South Eastern,5384
256,NULL,140 GROOMSPORT ROAD,BANGOR,CO DOWN,BT20 5PE,South Eastern,5541
257,Dr Kane & Partners,THE SURGERY,BROOK STREET,HOLYWOOD,BT18 9DA,South Eastern,7864
258,Drs Drew & Nicol,THE HEALTH CENTRE,NEWTOWNARDS ROAD,BANGOR,BT20 4LD,South Eastern,4963
259,DR. D COMPTON AND PARTNER,CUAN FAMILY PRACTICE,44 HIGH STREET,"PORTAFERRY, NEWTOWNARDS",BT22 1QT,South Eastern,3826
260,Dr Douglas & Partners,THE HEALTH CENTRE,NEWTOWNARDS ROAD,BANGOR,BT20 4LD,South Eastern,7289
261,NULL,KILLYNETHER PRACTICE,2A FREDERICK STREET,NEWTOWNARDS,BT23 4LR,South Eastern,6108
263,Dr J Bissett,DR ROBERT HENRY SURGERY,7A NEWTOWNARDS ROAD,"COMBER, NEWTOWNARDS",BT23 5AU,South Eastern,1815
264,Dr N Majury,SILVERBIRCH MEDICAL PRACTICE,39A SILVERBIRCH ROAD,BANGOR,BT19 6EU,South Eastern,2846
265,NULL,THE SURGERY,1 CHURCH STREET,NEWTOWNARDS,BT23 4FH,South Eastern,4159
267,NULL,THE HEALTH CENTRE,5 NEWTOWNARDS ROAD,"COMBER, NEWTOWNARDS",BT23 5BA,South Eastern,2600
271,Dr Lees & Partners,OLD MILL SURGERY,CHURCH STREET,NEWTOWNARDS,BT23 4AS,South Eastern,10403
272,Dr G F B Horner & Partners,16 A THE SQUARE,COMBER,NEWTOWNARDS,BT23 5DT,South Eastern,6474
273,Drs Leonard & McMillan,THE HEALTH CENTRE,5 NEWTOWNARDS ROAD,"COMBER, NEWTOWNARDS",BT23 5BA,South Eastern,2986
274,Dr  Laird & Partners,BLOOMFIELD SURGERY,95 BLOOMFIELD ROAD,BANGOR,BT20 4XA,South Eastern,10353
275,Drs McCarthy & Webb,REGENCY MEDICAL CENTRE,2A FREDERICK STREET,NEWTOWNARDS,BT23 4LR,South Eastern,4662
276,Dr J Miller & Partners,DONAGHADEE HEALTH CENTRE,3 KILLAUGHEY ROAD,DONAGHADEE,BT21 0BU,South Eastern,8937
278,NULL,THE SURGERY,1 CHURCH STREET,NEWTOWNARDS,BT23 4FH,South Eastern,4413
279,Dr Peacock & Partners,WINDMILL SURGERY,44 HIGH STREET,PORTAFERRY,BT22 1QT,South Eastern,2452
280,Drs Thompson & McMinn,THE HEALTH CENTRE,NEWTOWNARDS ROAD,BANGOR,BT20 4LD,South Eastern,5228
281,NULL,CLELAND PARK SURGERY,2 CLELAND PARK,BANGOR,BT20 3EB,South Eastern,5521
282,Drs Steele & Hughes,THE HEALTH CENTRE,FOWLER WAY,"BALLYWALTER, NEWTOWNARDS",BT22 2PY,South Eastern,5172
283,Dr Steele & Partners,LOUGH VIEW SURGERY,2 MAIN STREET,"KIRCUBBIN, NEWTOWNARDS",BT22 2SP,South Eastern,5665
284,Drs Armstrong & Stelfox,THE SURGERY,1 CHURCH STREET,NEWTOWNARDS,BT23 4FH,South Eastern,3015
285,NULL,GREEN ROAD MEDICAL CENTRE,5 GREEN ROAD,"CONLIG, NEWTOWNARDS",BT23 7PZ,South Eastern,3166
302,Dr Green & Partners,THE SURGERY,80 CASTLETON,TEMPLEPATRICK,BT39 0AZ,Northern,8839
303,Dr Hyndman & Partners,1 GLENAVY ROAD,CRUMLIN,CO ANTRIM,BT29 4LA,Northern,7383
304,NULL,"MAINE MEDICAL, THE HEALTH CENTRE",PORTGLENONE ROAD,"AHOGHILL, BALLYMENA",BT42 1LE,Northern,4865
305,NULL,THE HEALTH CENTRE,CUSHENDALL ROAD,BALLYMENA,BT43 6HQ,Northern,3589
307,DR W HOGG AND PARTNER,"CASTLE MEDICAL PRACTICE, ANTRIM HEALTH CENTRE",32A STATION ROAD,ANTRIM,BT41 4BS,Northern,4083
308,DR. HUNTER AND PARTNERS,ORIEL SURGERY,31 ORIEL ROAD,ANTRIM,BT41 4HR,Northern,5746
310,Dr Allen & Partners,CULLYBACKEY HEALTH CENTRE,TOBER PARK,"CULLYBACKEY, BALLYMENA",BT42 1NW,Northern,7366
311,Drs Magowan & Magowan,THE SURGERY,77 GALGORM ROAD,BALLYMENA,BT42 1AA,Northern,2459
312,NULL,SLEMISH VIEW MEDICAL PRACTICE,BALLYMENA HEALTH & CARE CENTRE,"86 CUSHENDALL ROAD, BALLYMENA",BT43 6HB,Northern,2549
313,Drs Russell & Simms,THE GABLES,45 WAVENEY ROAD,BALLYMENA,BT43 5BA,Northern,3528
314,NULL,THE HEALTH CENTRE,CUSHENDALL ROAD,BALLYMENA,BT43 6HQ,Northern,4416
315,NULL,CUSHENDALL ROAD,BALLYMENA,CO ANTRIM,BT43 6HQ,Northern,3201
317,Dr Redmond & Partners,THE HEALTH CENTRE,76 MAIN STREET,BROUGHSHANE BALLYMENA,BT42 4JA,Northern,6629
319,DR. W.J.C.WILSON AND PARTNERS,PORTGLENONE HEALTH CENTRE,17 TOWNHILL ROAD,"PORTGLENONE, BALLYMENA",BT44 8AD,Northern,6706
321,NULL,THE HEALTH CENTRE,CUSHENDALL ROAD,BALLYMENA,BT43 6HQ,Northern,4262
323,Dr J D Simpson,SMITHFIELD MEDICAL CENTRE,7 SMITHFIELD PLACE,"GALGORM ROAD, BALLYMENA",BT43 5HB,Northern,2422
325,Dr R H Bill,KELLS & CONNOR MEDICAL CENTRE,36 CHURCH ROAD,"KELLS, BALLYMENA",BT42 3JU,Northern,3588
326,DR. MCCUSKER AND PARTNERS,THE FAMILY PRACTICE,THE HEALTH CENTRE,"STATION ROAD, ANTRIM",BT41 4BS,Northern,5694
327,Drs Leggett & Kidd,THE HEALTH CENTRE,STATION ROAD,ANTRIM,BT41 4BS,Northern,3471
328,NULL,MAINE MEDICAL PRACTICE,"OLD MILL PARK, MAIN STREET","CULLYBACKEY, BALLYMENA",BT42 1GP,Northern,5056
329,DR. HUTCHINSON & PARTNER,THE HEALTH CENTRE,STATION ROAD,ANTRIM,BT41 4BS,Northern,3611
330,Drs Turk & McKenna,THE HEALTH CENTRE,STATION ROAD, ANTRIM,BT41 4BS,Northern,4774
331,Drs Huey & Khanna,BRAID FAMILY PRACTICE,BALLYMENA HEALTH & CARE CENTRE,"86 CUSHENDALL ROAD, BALLYMENA",BT43 6HB,Northern,4144
333,DR D S RAINEY,THE SURGERY,"TOOME HOUSE, 55 MAIN STREET","TOOMEBRIDGE, ANTRIM",BT41 3TF,Northern,3348
334,Dr McIlroy & Partners,THE HEALTH CENTRE,5 NEILLSBROOK ROAD,"RANDALSTOWN, ANTRIM",BT41 3AE,Northern,10331
336,Dr Hegan & Partners,2 MALLUSK ROAD,NEWTOWNABBEY,NULL,BT36 4PP,Northern,8434
337,DR KYLE AND PARTNERS,GLENGORMLEY PRACTICE,324 ANTRIM ROAD,NEWTOWNABBEY,BT36 5EQ,Northern,8464
341,DR. BECK AND PARTNERS,THE HEALTH CENTRE,CASTLEROCK ROAD,COLERAINE,BT51 3HP,Northern,5033
344,NULL,KILLOWEN MEDICAL CENTRE,CASTLEROCK ROAD,COLERAINE,BT51 3HP,Northern,5502
345,Dr Johnston & Partners,BALLYMONEY FAMILY PRACTICE,BALLYMONEY HEALTH CENTRE,"21B NEWAL ROAD, BALLYMONEY",BT53 6HB,Northern,12320
346,Dr Shannon & Partners,LODGE HEALTH,20 LODGE MANOR,COLERAINE,BT52 1JX,Northern,10256
349,Dr Lynch &  Partners,THE COUNTRY MEDICAL PRACTICE,122 BALLINLEA ROAD,"ARMOY, BALLYMONEY",BT53 8TY,Northern,6086
350,Drs Wee & Brown,6 PRIESTLAND ROAD,BUSHMILLS,NULL,BT57 8QP,Northern,2934
351,DR. JS BAILIE AND PARTNERS,PORTRUSH MEDICAL CENTRE,17 DUNLUCE AVENUE,PORTRUSH,BT56 8DW,Northern,7373
352,Dr Kerr & Partners,GARVAGH HEALTH CENTRE,110 MAIN STREET,"GARVAGH, COLERAINE",BT51 5AE,Northern,5939
354,Drs J Harley & D Harley,THE FAMILY PRACTICE,6 LEVER ROAD,PORTSTEWART,BT55 7EF,Northern,3165
355,Dr McGurk & Partners,THE HEALTH CENTRE,36 GARVAGH ROAD,"KILREA, COLERAINE",BT51 5QP,Northern,6801
356,Dr Turner &  Partners,4 MOUNTSANDEL ROAD,COLERAINE,CO LONDONDERRY,BT52 1JB,Northern,11351
357,Dr McSparran & Partners,GLENS OF ANTRIM MEDICAL CENTRE,2 GORTACLEE ROAD,"CUSHENDALL, BALLYMENA",BT44 0TE,Northern,5116
358,Drs Nutt & Siberry,LIFFOCK,69 SEA ROAD,"CASTLEROCK, COLERAINE",BT51 4TW,Northern,2684
360,Drs Henderson & Young,THE HEALTH CENTRE,10 MONEYLECK ROAD,"RASHARKIN, BALLYMENA",BT44 8QB,Northern,4325
361,Dr Fannin & Partners,THE HEALTH CENTRE,ROBINSON MEMORIAL HOSPITAL,BALLYMONEY,BT53 6HH,Northern,5339
366,NULL,THE HEALTH CENTRE,DALRIADA HOSPITAL,BALLYCASTLE,BT54 6BA,Northern,3945
367,Drs McCurdy & Armstrong,THE FROCESS MEDICAL CENTRE,56 MAIN STREET,"CLOUGHMILLS, BALLYMENA",BT44 9LF,Northern,4439
368,Dr Bell & Partners,THE HEALTH CENTRE,DALRIADA HOSPITAL,BALLYCASTLE,BT54 6BA,Northern,4750
369,Dr Carlin & Partners,PORTSTEWART MEDICAL CENTRE,MILL ROAD,PORTSTEWART,BT55 7SW,Northern,4295
382,Dr Esler & Partners,MEADOWBRIDGE SURGERY,SLAUGHTERFORD ROAD,"WHITEHEAD, CARRICKFERGUS",BT38 9TG,Northern,9040
385,Dr Gamble & Partners,OLD SCHOOL SURGERY,54 STATION ROAD,GREENISLAND,BT38 8TP,Northern,9773
386,Dr B D Glover,CLONEY,GLENARM,BALLYMENA CO ANTRIM,BT44 0AB,Northern,2016
387,DR. FERGUSON AND PARTNERS,THE HEALTH CENTRE,TAYLORS AVENUE,CARRICKFERGUS,BT38 7HT,Northern,7296
388,Dr Dunn & Partners,INVER SURGERY,MOYLE MEDICAL CENTRE,OLD GLENARM ROAD,BT40 1XH,Northern,4982
389,Dr McIlroy & Partners,CORRAN SURGERY,MOYLE MEDICAL CENTRE,"OLD GLENARM ROAD, LARNE",BT40 1XH,Northern,7951
390,DR. BRADLEY AND PARTNERS,THE HEALTH CENTRE,TAYLORS AVENUE,CARRICKFERGUS,BT38 7HT,Northern,14807
391,Dr Crory & Partners,VICTORIA SURGERY,MOYLE MEDICAL CENTRE,OLD GLENARM ROAD,BT40 1XH,Northern,5594
393,Dr Craig & Partners,THE HEALTH CENTRE,GLOUCESTER AVENUE,LARNE,BT40 1PB,Northern,2988
394,Drs Howie & Carlisle,"LARNE FAMILY PRACTICE, LARNE HEALTH CENTRE",GLOUCESTER AVENUE,LARNE,BT40 1PB,Northern,4124
395,NULL,ROCKFIELD MEDICAL CENTRE,BALLYMENA,NULL,BT43 6JD,Northern,4256
396,NULL,OLD BANK SURGERY,97 MILL STREET,BALLYMENA,BT43 5AF,Northern,3729
401,Dr Smyth & Partners,THE HEALTH CENTRE,52 ORRITOR ROAD,COOKSTOWN,BT80 8BN,Northern,6433
402,Dr White & Partners,DRAPERSTOWN SURGERY,6 TOBERMORE ROAD,"DRAPERSTOWN, MAGHERAFELT",BT45 7AG,Northern,8326
404,Dr Finch & Partners,67 URBAL ROAD,COAGH,COOKSTOWN,BT80 0DP,Northern,5132
405,Drs McKeever &Flanigan,LOY MEDICAL CENTRE,8 LOY STREET,COOKSTOWN,BT80 8PE,Northern,5585
406,Dr Glancy & Partners,29 GARDEN STREET,MAGHERAFELT,CO LONDONDERRY,BT45 5DD,Northern,9079
407,Dr O'Kane & Partners,OAKS FAMILY PRACTICE CENTRE,48 ORRITOR ROAD,COOKSTOWN,BT80 8BH,Northern,7572
409,Drs McCoy & McCammon,THE HEALTH CENTRE,50 HILLHEAD,"STEWARTSTOWN, DUNGANNON",BT71 5HY,Northern,5504
410,Dr Overend & Partners,MAGHERA MEDICAL CENTRE,25 CHURCH STREET,MAGHERA,BT46 5EA,Northern,8253
412,Drs Ramsey & Johnston,THE DIAMOND MEDICAL CENTRE,MARKET SQUARE,MAGHERAFELT,BT45 6ED,Northern,9015
413,Dr R Graham,LOY BUILDINGS,18 LOY STREET,COOKSTOWN,BT80 8PE,Northern,2370
417,Dr Barker & Partners,THE SURGERY,STATION ROAD,"CASTLEDAWSON, MAGHERAFELT",BT45 8AZ,Northern,6803
419,Dr M A Charlton,FAIR HILL HEALTH CENTRE,MAGHERAFELT,CO LONDONDERRY,BT45 6BL,Northern,1775
420,Drs Miller & Kuriacose,MONEYMORE  MEDICAL PRACTICE,3 FAIRHILL,MONEYMORE,BT45 7LJ,Northern,5611
431,DR. CROSBIE AND PARTNERS,WHITEHOUSE MEDICAL GROUP PRACTICE,"UNIT 29A, FIRST FLOOR, ABBEYCENTRE","LONGWOOD ROAD, NEWTOWNABBEY",BT37 9UH,Northern,9089
433,Dr Rafferty & Partners,THE HEALTH CENTRE,GEORGE AVENUE,BALLYCLARE,BT39 9HL,Northern,15050
434,Dr Farrell & Partners,ABBOTS CROSS MEDICAL PRACTICE,92 DOAGH ROAD,NEWTOWNABBEY,BT37 9QW,Northern,7843
438,Dr Neary & Partners,TRAMWAYS MEDICAL CENTRE,FARMLEY ROAD,NEWTOWNABBEY,BT36 7XX,Northern,10381
440,DR. A.J. DARRAH AND PARTNERS,NOTTING HILL MEDICAL PRACTICE,DOAGH ROAD,NEWTOWNABBEY,BT37 9QN,Northern,10408
451,NULL,BROWNLOW HEALTH CENTRE,1 LEGAHORY CENTRE,LEGAHORY,BT65 5BE,Southern,5725
453,NULL,BANBRIDGE GROUP SURGERY,1 OLD HOSPITAL ROAD,BANBRIDGE,BT32 3GN,Southern,3955
454,Dr Cupples & Partners,THE SURGERY,11 MAIN STREET,LOUGHBRICKLAND,BT32 3NQ,Southern,8697
455,Dr Logan & Partners,THE HEALTH CENTRE,CASTLEVIEW,"GILFORD, CRAIGAVON",BT63 6JS,Southern,5250
457,Dr Rice & Partners,WYNNE HILL SURGERY,51 HILL STREET,"LURGAN, CRAIGAVON",BT66 6BW,Southern,11840
458,Drs Gray & Troughton,THE HEALTH CENTRE,TAVANAGH AVENUE,PORTADOWN,BT62 3BU,Southern,5113
460,NULL,60A MAIN STREET,DONAGHCLONEY,CRAIGAVON,BT66 7LR,Southern,4314
461,Drs McAuley & Moore,THE HEALTH CENTRE,TAVANAGH AVENUE,"PORTADOWN, CRAIGAVON",BT62 3BU,Southern,3367
462,Dr Davidson & Partners,60 HIGH STREET,LURGAN,CRAIGAVON,BT66 8BA,Southern,9478
463,Dr Wilson & Partners,THE SURGERY,7 MOORES LANE,"LURGAN, CRAIGAVON",BT66 8DW,Southern,4682
464,Drs McAnallen & McAnallen,THE HEALTH CENTRE,TAVANAGH AVENUE,"PORTADOWN, CRAIGAVON",BT62 3BU,Southern,4967
465,Dr Wilson & Partners,28 CHURCH WALK,LURGAN,CRAIGAVON,BT67 9AA,Southern,8278
467,Drs Southwell & Zubier,87/89 WILLIAM STREET,LURGAN,CRAIGAVON,BT66 6JB,Southern,5326
469,NULL,BANBRIDGE GROUP SURGERY,1 OLD HOSPITAL ROAD,BANBRIDGE,BT32 3GN,Southern,8464
470,Dr Adams & Partners,THE HEALTH CENTRE,TAVANAGH AVENUE,"PORTADOWN, CRAIGAVON",BT62 3BU,Southern,13692
471,Dr Connolly & Partners,BANBRIDGE GROUP SURGERY,1 OLD HOSPITAL ROAD,BANBRIDGE,BT32 3GN,Southern,7665
472,Drs Murray & Mullan,SCARVA STREET SURGERY,60 SCARVA STREET,LOUGHBRICKLAND,BT32 3NH,Southern,2896
473,Dr Davis & Partners,52 MAIN STREET,MOIRA,CRAIGAVON,BT67 0LQ,South Eastern,9080
474,Dr McNeice & Partners,50 GALLOWS STREET,DROMORE,CO DOWN,BT25 1BD,Southern,7785
475,Dr Wilson & Partners,8a LURGAN ROAD,AGHALEE,CRAIGAVON,BT67 0DD,South Eastern,5108
476,Dr J A J Chestnutt,THE SURGERY,32 STATION ROAD,"BALLYWARD, CASTLEWELLAN",BT31 9TU,Southern,2436
477,Dr McConnell & Partners,THE HEALTH CENTRE,TAVANAGH AVENUE,"PORTADOWN, CRAIGAVON",BT62 3BU,Southern,4855
478,Dr Good & Partners,THE HEALTH CENTRE,TAVANAGH AVENUE,"PORTADOWN, CRAIGAVON",BT62 3BU,Southern,5218
479,Dr Burnett & Partners,THE HEALTH CENTRE,TAVANAGH AVENUE,"PORTADOWN, CRAIGAVON",BT62 3BU,Southern,5001
481,Dr J D Adams,THE HEALTH CENTRE,TAVANAGH AVENUE,"PORTADOWN, CRAIGAVON",BT62 3BU,Southern,2989
482,Drs Gormley & McCloskey,THE OLD SCHOOL HOUSE MEDICAL CENTRE,1 ANTRIM ROAD,LURGAN,BT67 9BW,Southern,4425
491,Dr Beckett & Partners,ABBEY COURT SURGERY,DOBBIN LANE,ARMAGH,BT61 7QG,Southern,7730
493,NULL,NORTHLAND SURGERY,79 CUNNINGHAMS LANE,DUNGANNON,BT71 6BX,Southern,8711
494,Dr Boyd & Partners,THE VALLEY MEDICAL PRACTICE,20 COONEEN ROAD,FIVEMILETOWN,BT75 0ND,Southern,4256
495,Dr Ahmed & Partners,CAMPBELL SURGERY,10 QUARRY LANE,DUNGANNON,BT70 1HX,Southern,9768
497,DR. MS CHAMBERS AND PARTNERS,WILLOWBANK,KEADY,CO ARMAGH,BT60 3RL,Southern,9159
498,DR. LA HOBSON AND PARTNER,MCSHANE AND CAMPBELL PRACTICE,"MOY HEALTH CENTRE, CHARLEMONT STREET",MOY,BT71 7SL,Southern,3652
499,Drs Nugent & Irvine,ERRIGAL MEDICAL CENTRE,OLD DUNGANNON ROAD,"BALLYGAWLEY,DUNGANNON",BT70 2EY,Southern,3631
500,NULL,22 BARRACK STREET,COALISLAND,DUNGANNON,BT71 4LS,Southern,2186
501,Dr McConville & Partners,MOY MEDICAL PRACTICE,CHARLEMONT STREET,MOY,BT71 7SL,Southern,2425
502,ers,15 DARTAN REE,TYNAN,ARMAGH,BT60 4QT,Southern,5436
503,Dr Wright & Partners,THE HEALTH CENTRE,NEWRY STREET,"MARKETHILL, ARMAGH",BT60 1TA,Southern,6085
504,NULL,MOY MEDICAL CENTRE,CHARLEMONT STREET,"MOY, DUNGANNON",BT71 7SL,Southern,3512
505,Drs O'Loughlin & Partners,PARKVIEW SURGERY,"SOUTH TYRONE HOSPITAL SITE, CARLAND ROAD,",DUNGANNON,BT71 4AU,Southern,9385
506,Drs McCord & Gribben,2 SYDNEY LANE,AUGHNACLOY,CO TYRONE,BT69 6AF,Southern,4902
507,Dr B Watters,THE HEALTH CENTRE,24A TASSAGH ROAD,KEADY,BT60 3TU,Southern,2641
508,Drs Good & Good,TANDRAGEE MEDICAL CENTRE,3 MONTAGUE STREET,"TANDRAGEE, CRAIGAVON",BT62 2AN,Southern,3622
509,Dr McKay & Partners,57 THOMAS STREET,DUNGANNON,CO TYRONE,BT70 1HW,Southern,6056
512,NULL,THE MEDICAL CENTRE,15 BARRACK STREET,"COALISLAND, DUNGANNON",BT71 4LS,Southern,4272
514,Dr Garvin & Partners,THE ARCHWAY SURGERY,DOBBIN LANE,ARMAGH,BT61 7QG,Southern,7814
515,Dr Turtle & Partners,THE HEALTH CENTRE,"6 GREENVIEW, MAYNOOTH ROAD","RICHHILL,  ARMAGH",BT61 9PD,Southern,5335
516,NULL,THE FRIARY SURGERY,DOBBIN LANE,ARMAGH,BT61 7QG,Southern,9128
517,Dr S R C Murty,39 THOMAS STREET,DUNGANNON,CO TYRONE,BT70 1HN,Southern,2300
519,Dr McKenna & Partners,THE SURGERY,10A LINESIDE,"COALISLAND, DUNGANNON",BT71 4LP,Southern,3898
526,Drs Henry & McAreavy,CORNMARKET SURGERY,NEWRY HEALTH VILLAGE,MONAGHAN STREET,BT35 6BW,Southern,4933
528,NULL,THE HEALTH CENTRE,MCCORMICK PLACE,"CROSSMAGLEN, NEWRY",BT35 9HD,Southern,5034
529,Dr Mackle & Partners,CORNMARKET SURGERY,NEWRY HEALTH VILLAGE,MONAGHAN STREET,BT35 6BW,Southern,6360
530,NULL,THE HEALTH CENTRE,JOHN STREET,"RATHFRILAND, NEWRY",BT34 5QH,Southern,2095
531,Drs Allen & Keown,14 KILKEEL ROAD,ANNALONG,NEWRY,BT34 4TH,Southern,4072
532,Dr Woods & Partners,KILKEEL PRIMARY CARE CENTRE,GREENCASTLE STREET,"KILKEEL, NEWRY",BT34 4BH,Southern,3831
533,NULL,6 DRUMINTEE ROAD,MEIGH,NEWRY,BT35 8SJ,Southern,2633
534,Dr Digney & Partners,CLANRYE SURGERY,NEWRY HEALTH VILLAGE,MONAGHAN STREET,BT35 6BW,Southern,8892
535,NULL,THE HEALTH CENTRE,JOHN STREET,"RATHFRILAND, NEWRY",BT34 5QH,Southern,3614
536,DR. DH GAW AND PARTNERS,SUMMER HILL SURGERY,50 GREAT GEORGES STREET,"WARRENPOINT, NEWRY",BT34 3HS,Southern,7952
537,Dr McVerry & Partners,MCVERRY/MCEVOY MEDICAL CENTRE,NEWRY HEALTH VILLAGE,"MONAGHAN STREET, NEWRY",BT35 6BW,Southern,9444
539,Drs McDowell & Forshaw,CLANRYE SURGERY,NEWRY HEALTH VILLAGE,"MONAGHAN STREET, NEWRY",BT35 6BW,Southern,4597
540,Dr O'Neill & Partners,MEADOWLANDS SURGERY,MONAGHAN STREET,NEWRY,BT35 6BW,Southern,7333
541,NULL,RATHFRILAND SURGERY,9 CASTLEWELLAN ROAD,"RATHFRILAND, NEWRY",BT34 5LY,Southern,2656
542,Dr O'Leary & Partners,53 DUNDALK STREET,NEWTOWNHAMILTON,NEWRY,BT35 0PB,Southern,3726
543,NULL,THE HEALTH CENTRE,SUMMERHILL,"WARRENPOINT, NEWRY",BT34 3JD,Southern,4414
544,Dr Reynolds & Partners,CORNMARKET SURGERY,NEWRY HEALTH VILLAGE,MONAGHAN STREET,BT35 6BW,Southern,7085
545,Drs Maguire & Deane,MAPHONER SURGERY,2A FORKHILL ROAD,"MULLAGHBAWN, NEWRY",BT35 9RA,Southern,5057
546,NULL,CLANRYE SURGERY,NEWRY HEALTH VILLAGE,MONAGHAN STREET,BT35 6BW,Southern,2447
547,Drs Shannon & Shannon,THE HEALTH CENTRE,JOHN STREET,"RATHFRILAND, NEWRY",BT34 5QH,Southern,3015
549,DR. AO MULHOLLAND AND PARTNER,THE HEALTH CENTRE,2A MARKETHILL ROAD,"NEWTOWNHAMILTON, NEWRY",BT35 0BE,Southern,4227
551,Dr P M Fee,RATHKEELAND HOUSE,1 BLANEY ROAD,"CROSSMAGLEN, NEWRY",BT35 9JJ,Southern,3628
553,Dr M Bonner,MARINA SURGERY,15 HAVELOCK PLACE,"WARRENPOINT, NEWRY",BT34 3NE,Southern,2278
554,Drs Poots & O'Loughlin,MOURNE FAMILY SURGERY,"MOURNE HOSPITAL, NEWRY STREET","KILKEEL,NEWRY",BT34 4DN,Southern,4031
555,NULL,KILKEEL PRIMARY CARE CENTRE,GREENCASTLE STREET,"KILKEEL, NEWRY",BT34 4BH,Southern,1834
556,DR. J MERCER AND PARTNERS,SHANLIEVE SURGERY,"KILKEEL PRIMARY CARE CENTRE, GREENCASTLE STREET","KILKEEL, NEWRY",BT34 4BH,Southern,3442
557,NULL,ARBOR FAMILY PRACTICE,BROWNLOW HEALTH CENTRE,"1 LEGAHORY CENTRE, LEGAHORY, CRAIGAVON",BT65 5BE,Southern,2946
561,Dr R T Leary,THE HEALTH CENTRE,DRUMHAW,"LISNASKEA, ENNISKILLEN",BT92 0FP,Western,2234
562,Dr Armstrong & Partners (2),THE HEALTH CENTRE,ERNE ROAD,ENNISKILLEN,BT74 6NN,Western,4272
563,Dr Mulligan & Partners,"DEVENISH PRACTICE, THE HEALTH CENTRE",ERNE ROAD,ENNISKILLEN,BT74 6NN,Western,4020
564,Dr Davidson & Partners,LAKESIDE MEDICAL PRACTICE,ERNE ROAD,ENNISKILLEN,BT74 6NN,Western,7101
566,Dr Hutchinson & Partners,IRVINESTOWN HEALTH CENTRE,CHURCH STREET,IRVINESTOWN,BT94 1EH,Western,7743
568,Drs Mallon & Mcconville,THE HEALTH CENTRE,ERNE ROAD,ENNISKILLEN,BT74 6NN,Western,2946
569,Dr K F Devlin,LURGANBOY PARK,CLONES ROAD,"NEWTOWNBUTLER, ENNISKILLEN",BT92 6JT,Western,1933
571,Dr Cathcart & Partners,THE HEALTH CENTRE,ERNE ROAD,ENNISKILLEN,BT74 6NN,Western,7160
574,Dr George & Partners,MAPLE GROUP PRACTICE,DRUMHAW,"LISNASKEA, ENNISKILLEN",BT92 0FP,Western,8813
576,Dr Deeny & Partners,RATHMORE CLINIC,BELLEEK,ENNISKILLEN,BT93 3FY,Western,3986
579,DR. ME CAMPBELL,20 UPPER MAIN ST,ROSLEA,ENNISKILLEN,BT92 7LT,Western,1485
581,Drs Kirby & Kirby,75 MAIN STREET,DERRYLIN,ENNISKILLEN,BT92 9LB,Western,2141
582,Dr M Smyth,THE SURGERY,DRUMGOON,"MAGUIRESBRIDGE, ENNISKILLEN",BT94 4PB,Western,1913
583,Drs Groves-Raines & Khew,32 MAIN STREET,DERRYGONNELLY,ENNISKILLEN,BT93 6HW,Western,1772
584,DR. MJ SCOTT AND PARTNER,BROOKEBOROUGH SURGERY,9 TANYARD LANE,"BROOKEBOROUGH, ENNISKILLEN",BT94 4JG,Western,3230
585,Dr K Sweeney,BENAUGHLIN HEALTH CENTRE,DRUMLAGHY,"FLORENCECOURT, ENNISKILLEN",BT92 1BZ,Western,3317
586,Dr J McCusker,TEMPO MEDICAL CENTRE,EDENMORE,"TEMPO, ENNISKILLEN",BT94 3LU,Western,1566
596,NULL,"CITYVIEW MEDICAL, WATERSIDE HEALTH CENTRE",SPENCER ROAD,LONDONDERRY,BT47 6AH,Western,9642
597,Dr Finlay & Partners,BOVALLY MEDICAL CENTRE,2 ROSSAIR ROAD,LIMAVADY,BT49 0TE,Western,6018
598,Dr Cosgrove & Partners,QUAYSIDE MEDICAL PRACTICE,80 - 84 STRAND ROAD,LONDONDERRY,BT48 7NN,Western,12166
599,DR. IP SINGH AND PARTNERS,"PARK MEDICAL, THE HEALTH CENTRE",GREAT JAMES STREET,LONDONDERRY,BT48 7DH,Western,8087
600,Dr Gordon & Partners,THE HEALTH CENTRE,IRWIN CRESCENT,"CLAUDY, LONDONDERRY",BT47 4AB,Western,4834
601,NULL,MOURNESIDE MEDICAL CENTRE,1A BALLYCOLMAN AVENUE,STRABANE,BT82 9AF,Western,10889
602,Dr Casey & Partners,OAKLEAF MEDICAL PRACTICE,GREAT JAMES STREET,LONDONDERRY,BT48 7DH,Western,10513
603,Drs Mariswamy & Byrne,THE HEALTH CENTRE,FEENY,LONDONDERRY,BT47 4TD,Western,5705
604,Dr McCloskey & Partners,THE ABERFOYLE SURGERY,120 STRAND ROAD,LONDONDERRY,BT48 7NY,Western,11450
605,Dr Fullerton,256 BERRYHILL ROAD,DUNAMANAGH,STRABANE,BT82 0NB,Western,3835
606,Dr Magnier & Partners,BRIDGE STREET MEDICAL CENTRE,BRIDGE STREET,LONDONDERRY,BT48 6LD,Western,4811
608,DR. NR BRENNAN AND PARTNERS,ABBEY MEDICAL PRACTICE,ABBEY STREET,LONDONDERRY,BT48 9DN,Western,6990
609,Dr McCleery & Partners,ROSSAIR FAMILY PRACTICE,2 ROSSAIR ROAD,LIMAVADY,BT49 0TE,Western,6523
610,Dr Quigley & Partners,STRABANE HEALTH CENTRE,UPPER MAIN STREET,STRABANE,BT82 8AS,Western,7759
614,Drs Johnston & Murphy,DUNGIVEN HEALTH CENTRE,DUNGIVEN,LONDONDERRY,BT47 4RS,Western,3520
615,NULL,CLARENDON MEDICAL,35 NORTHLAND AVENUE,LONDONDERRY,BT48 7GW,Western,10786
616,NULL,CASTLEDERG GROUP SURGERY,13A LOWER STRABANE ROAD,CASTLEDERG,BT81 7AZ,Western,14584
618,Dr P Doherty,49 CLARENDON STREET,LONDONDERRY,NULL,BT48 7ER,Western,2975
619,Dr McKenny & Partners,THE HEALTH CENTRE,SCROGGY ROAD,LIMAVADY,BT49 0NA,Western,5912
620,Dr Watson & Partners,STRABANE HEALTH CENTRE,UPPER MAIN STREET,STRABANE,BT82 8AS,Western,6421
621,Drs Ahmed & Deane,NORTHSIDE MEDICAL PRACTICE,"SHANTALLOW HEALTH CENTRE, RACECOURSE ROAD",LONDONDERRY,BT48 8NL,Western,3520
622,Dr Brennan & Partners,"RACECOURSE MEDICAL, SHANTALLOW HEALTH CENTRE",RACECOURSE ROAD,LONDONDERRY,BT48 8NL,Western,4652
623,DR. TJM CRAIG AND PARTNERS,FOYLESIDE FAMILY PRACTICE,BRIDGE STREET MEDICAL CENTRE,"BRIDGE STREET, LONDONDERRY",BT48 6LD,Western,6004
624,Dr Ashenhurst & Partners,"GLENDERMOTT MEDICAL, WATERSIDE HEALTH CENTRE",SPENCER ROAD,LONDONDERRY,BT47 6AH,Western,7605
625,Dr Abbot & Partners,BAYVIEW MEDICAL CENTRE,3 BAYVIEW TERRACE,LONDONDERRY,BT48 7EE,Western,3899
626,DR DF CONNOLLY AND PARTNERS,"RIVERFRONT MEDICAL, WATERSIDE HEALTH CENTRE",SPENCER ROAD,LONDONDERRY,BT47 6AH,Western,8942
627,Dr Hetherington & Partners,EGLINTON MEDICAL PRACTICE,29 MAIN STREET,"EGLINTON, LONDONDERRY",BT47 3AB,Western,7263
629,Dr Heaney & Partners,THE HEALTH CENTRE,SCROGGY ROAD,LIMAVADY,BT49 0NA,Western,6971
651,Dr Magfhogartai & Partners,FINTONA GROUP PRACTICE,33 DROMORE ROAD,"FINTONA, OMAGH",BT78 2BB,Western,6578
652,DR I D RITCHIE,2H MAIN STREET,DRUMQUIN,CO TYRONE,BT78 4SB,Western,1977
654,Dr Pollock & Partners,"GRANGE FAMILY PRACTICE, THE HEALTH CENTRE",MOUNTJOY ROAD,OMAGH,BT79 7BA,Western,6482
655,Dr P Scully,23 OMAGH ROAD,DRUMQUIN,OMAGH,BT78 4QY,Western,1626
657,NULL,"THREE SPIRES SURGERY, THE HEALTH CENTRE",MOUNTJOY ROAD,OMAGH,BT79 7BA,Western,10191
660,Dr Deeny & Partners,CARRICKMORE HEALTH CENTRE,TERMON ROAD,"CARRICKMORE, OMAGH",BT79 9JR,Western,9042
661,Drs Burke & Reilly,DROMORE SURGERY,16 CAMDERRY ROAD,"DROMORE, OMAGH",BT78 3AU,Western,5623
662,NULL,"DRUMRAGH FAMILY PRACTICE, THE HEALTH CENTRE",MOUNTJOY ROAD,OMAGH,BT79 7BA,Western,10668
663,NULL,"STRULE MEDICAL, THE HEALTH CENTRE",MOUNTJOY ROAD,OMAGH,BT79 7BA,Western,3064
664,Drs Hicks & Singh,41 MAIN STREET,PLUMBRIDGE,OMAGH,BT79 8DL,Western,3270
